98,59.814142445834825,24.60603595479774,1542290702,3
46,59.46042714790895,24.932246207705788,1542290703,4
37,59.634812481275,24.29283466993517,1542290704,3
3,59.38669140310886,24.402292511623358,1542290705,2
38,59.818810799613246,24.505565899001997,1542290706,3
23,59.65156177751353,24.157928946029568,1542290707,2
94,59.064559486714415,24.023898984290046,1542290708,4
6,59.643984645559016,24.609403621762485,1542290709,1
57,59.709983403617564,24.95797118636931,1542290710,4
25,59.7260534379614,24.148611629845355,1542290711,3
66,59.47103107600524,24.521075624127338,1542290712,4
99,59.801329309868834,24.081849063057632,1542290713,3
79,59.185039000355246,24.854967823289098,1542290714,4
53,59.72907670914472,24.425813922551153,1542290715,4
94,59.45284882412707,24.83599460853416,1542290716,2
56,59.9198532025976,24.377586679369575,1542290717,1
40,59.70051311311786,24.609439640745162,1542290718,2
7,59.33488036103281,24.270626772841243,1542290719,4
84,59.73270170016126,24.191720769808803,1542290720,2
2,59.604442737436365,24.77691360210295,1542290721,3
7,59.2070664017156,24.002017706663864,1542290722,3
97,59.85063077652483,24.04447517113725,1542290723,3
91,59.5161194978116,24.528759353577605,1542290724,1
83,59.43541972161441,24.62274481682418,1542290725,3
63,59.36804294296141,24.51444719555942,1542290726,4
71,59.22066673823365,24.2457000363362,1542290727,3
81,59.75050408533491,24.360272834334715,1542290728,2
22,59.47912164035811,24.26696751662632,1542290729,4
64,59.03161941549142,24.69987478427021,1542290730,3
73,59.036929335009134,24.261918469386668,1542290731,1
66,59.63848942207748,24.990505771010433,1542290732,1
54,59.774866169217134,24.399161892002702,1542290733,4
49,59.70169340628662,24.412798405101544,1542290734,1
19,59.92804830038603,24.758233383998263,1542290735,4
22,59.027440118905524,24.443737668044403,1542290736,3
81,59.1445102826661,24.495989738134597,1542290737,4
80,59.22163523565227,24.43408684200366,1542290738,2
12,59.5835528006182,24.154354255197973,1542290739,4
86,59.435030233489336,24.050791578808976,1542290740,1
38,59.451473959026366,24.54091331430392,1542290741,1
13,59.470785508717825,24.340925262240926,1542290742,3
5,59.93209053513574,24.557564142649497,1542290743,4
9,59.01872941336968,24.659776042067723,1542290744,2
39,59.664949471138165,24.99185760277453,1542290745,2
39,59.591971514291295,24.110404115661122,1542290746,2
2,59.133027817509095,24.483590810942317,1542290747,3
13,59.31102831557794,24.37838507600779,1542290748,1
61,59.21622205445404,24.662097228494936,1542290749,4
55,59.962724916645726,24.92178867467703,1542290750,3
19,59.551300075465065,24.946864747960927,1542290751,4
56,59.41391371338089,24.241963225934995,1542290752,2
65,59.72532157530772,24.125539308641194,1542290753,3
20,59.661665712238026,24.93671371252831,1542290754,4
64,59.97194974362273,24.178187847098634,1542290755,2
52,59.20265102267233,24.27755231162672,1542290756,1
70,59.653359695770334,24.349651113685187,1542290757,1
63,59.78645906710878,24.794597768500687,1542290758,1
16,59.96269587339467,24.554787211055228,1542290759,3
46,59.63020031540499,24.25585574540004,1542290760,2
8,59.10662561338229,24.255045774876105,1542290761,2
21,59.65583515352609,24.38930666596744,1542290762,1
88,59.80512796932876,24.249693630544613,1542290763,2
93,59.96526883702917,24.26657987335046,1542290764,1
21,59.106719234340055,24.659147651836797,1542290765,2
1,59.04852596867798,24.687058060321743,1542290766,4
69,59.65880435711445,24.19218875787968,1542290767,2
35,59.54107292468054,24.70189666495941,1542290768,2
31,59.279441739596386,24.69866913388389,1542290769,4
91,59.762579744212054,24.053343925562906,1542290770,1
6,59.250219007391216,24.28248105807869,1542290771,1
24,59.538936197940785,24.5982706980552,1542290772,1
63,59.198828252269415,24.009465813679533,1542290773,2
95,59.576820951826946,24.320732814296296,1542290774,1
65,59.419907352347785,24.424463103226845,1542290775,4
35,59.34259736409158,24.500030083109934,1542290776,2
40,59.35611332830736,24.960042049456792,1542290777,2
52,59.678685641306075,24.682347607053632,1542290778,4
20,59.10151482666179,24.979877921065217,1542290779,2
34,59.62583627696828,24.5731245733038,1542290780,1
100,59.712272748981896,24.22526311041155,1542290781,1
76,59.37463264417523,24.973135496810944,1542290782,2
40,59.653601653948925,24.050739635036344,1542290783,4
9,59.23981815583594,24.665394239518704,1542290784,3
69,59.357884803679525,24.168105878212153,1542290785,1
25,59.71452704283295,24.52287398100902,1542290786,4
9,59.45052036897376,24.406452492523826,1542290787,4
92,59.37053571820987,24.10277817941406,1542290788,3
60,59.683097104564695,24.70827513495014,1542290789,2
66,59.03337285671723,24.375917528439274,1542290790,2
54,59.07931698697239,24.384470545955345,1542290791,3
66,59.64410985948025,24.78495095567505,1542290792,3
85,59.908780195184235,24.0046846677177,1542290793,1
66,59.628278546830394,24.83206384813175,1542290794,3
85,59.054941862977515,24.95085173792196,1542290795,3
29,59.777167444227885,24.452771637392324,1542290796,1
96,59.36799922540378,24.941076822502446,1542290797,2
77,59.657256252154596,24.97740843996172,1542290798,1
21,59.11907592081542,24.481186335627257,1542290799,3
83,59.259048187623556,24.8125913919329,1542290800,3
75,59.53411055022402,24.94745235899961,1542290801,2
25,59.07179733809586,24.620368429357804,1542290802,1
89,59.4383988705249,24.55726070009157,1542290803,3
48,59.312989861766695,24.69419974115846,1542290804,2
94,59.18499499888268,24.345565283185326,1542290805,2
44,59.11522965857066,24.53216922172674,1542290806,3
13,59.50780606754063,24.872464702252685,1542290807,2
52,59.820491547334086,24.10988788277359,1542290808,1
60,59.64276884311973,24.326548986481964,1542290809,2
49,59.01113584541698,24.732562580218868,1542290810,4
97,59.44264291106195,24.072089260763267,1542290811,3
10,59.521360523242166,24.856976024945904,1542290812,3
6,59.4896795618134,24.844482132859238,1542290813,3
3,59.725847673107666,24.41980433975727,1542290814,4
74,59.48431246846247,24.24826929211475,1542290815,3
55,59.94676725676128,24.538189603268798,1542290816,1
56,59.245113920953024,24.690515880969492,1542290817,3
22,59.66562495160661,24.573386174687357,1542290818,1
9,59.554708814424885,24.49942563390778,1542290819,4
62,59.76379233328673,24.764989518029633,1542290820,3
37,59.562280570689445,24.378758078063882,1542290821,3
29,59.81288112914006,24.702664327512036,1542290822,2
83,59.35562842763364,24.799867948641452,1542290823,2
35,59.69686078996177,24.313286157550944,1542290824,4
75,59.743966878251676,24.664606921597063,1542290825,3
7,59.906495681799875,24.57280467801059,1542290826,1
84,59.94760377941576,24.92319594022295,1542290827,4
16,59.016698799942084,24.71883679878234,1542290828,4
87,59.14479129763486,24.589568017818305,1542290829,4
71,59.755047172642634,24.13527784558161,1542290830,1
54,59.74761747377704,24.57219317884506,1542290831,1
11,59.37735593726885,24.77767533841008,1542290832,3
81,59.289296619943556,24.385837623675588,1542290833,3
79,59.48952146326188,24.365569192767335,1542290834,4
69,59.47377674057645,24.178671969812907,1542290835,3
83,59.18566409344592,24.064486799963838,1542290836,1
2,59.13048203003527,24.2363256028489,1542290837,3
6,59.81751000060186,24.983393744731234,1542290838,4
75,59.25804699562258,24.508952278614444,1542290839,4
56,59.990334854576105,24.62916724707097,1542290840,3
74,59.48716573055786,24.25968843250221,1542290841,4
10,59.79673082746818,24.15241483869298,1542290842,4
52,59.57346045977261,24.96801609284832,1542290843,2
81,59.30660283742483,24.10011857898709,1542290844,3
4,59.245599326169774,24.431715098948672,1542290845,4
29,59.54103997752744,24.550443325192628,1542290846,2
21,59.697663408658826,24.870865287344884,1542290847,3
6,59.218204576603284,24.94811574272956,1542290848,1
37,59.6399820092773,24.247107312800907,1542290849,4
54,59.37089851540838,24.537856784880475,1542290850,1
89,59.24676607142355,24.16312562891747,1542290851,3
99,59.69793667680143,24.064331600010863,1542290852,4
98,59.150017391447996,24.55991151589429,1542290853,4
7,59.66445516697498,24.407939168347518,1542290854,2
35,59.891870357495655,24.06882064618731,1542290855,4
65,59.22623645419248,24.21685256100611,1542290856,1
62,59.85559101468357,24.30156667220832,1542290857,4
43,59.96626336433162,24.834350991761905,1542290858,1
31,59.678631865429644,24.192405223916744,1542290859,2
92,59.682810600344155,24.647796275022255,1542290860,3
68,59.81690050394542,24.77665475042303,1542290861,1
49,59.0050658354259,24.743713830192245,1542290862,1
8,59.826736952407074,24.913227853905294,1542290863,3
61,59.458493746169694,24.234816168484134,1542290864,3
83,59.64512781330823,24.64706725170142,1542290865,4
79,59.67114567389975,24.411934638360542,1542290866,1
13,59.67099052835962,24.23879560150176,1542290867,3
68,59.44515133495172,24.248349059325477,1542290868,3
85,59.303679126581194,24.44876422607706,1542290869,1
70,59.03341782396759,24.69861998565587,1542290870,1
58,59.24468561073438,24.63770955028205,1542290871,3
6,59.99809228473927,24.012241652054012,1542290872,2
50,59.7483626491341,24.59754033874973,1542290873,4
12,59.26302564542177,24.568635153618743,1542290874,3
79,59.28877561728889,24.711579834713078,1542290875,1
32,59.44473676190253,24.8338217324019,1542290876,1
27,59.148665978667474,24.148315902837897,1542290877,1
86,59.95647547441357,24.822087280041657,1542290878,2
30,59.5342126999583,24.82527064953472,1542290879,2
85,59.12876982793255,24.36563761192969,1542290880,1
5,59.082235311836826,24.797603959280572,1542290881,1
33,59.853121472668825,24.83441104554608,1542290882,3
98,59.639795524352,24.379040422211997,1542290883,4
22,59.324191346443186,24.192576487208544,1542290884,1
37,59.017066360875795,24.291534270344144,1542290885,3
42,59.229359693163374,24.382149660659344,1542290886,4
99,59.41930780846069,24.0938573495068,1542290887,4
29,59.28479961360639,24.71769823627838,1542290888,2
62,59.25683218598569,24.41668316197448,1542290889,2
78,59.67854988818905,24.42270117591088,1542290890,3
44,59.39922032278302,24.44518684868301,1542290891,1
50,59.75393403617081,24.776955864134848,1542290892,3
40,59.52088619441934,24.93278576174819,1542290893,3
26,59.80049145570988,24.934207625967627,1542290894,2
73,59.865585055617686,24.41069868659986,1542290895,3
89,59.20305572982402,24.59606863949196,1542290896,4
86,59.231872636344306,24.869743396361972,1542290897,2
90,59.44403271025015,24.06676844120461,1542290898,3
52,59.974179517273356,24.271635414212863,1542290899,2
56,59.926203164057036,24.936943323729768,1542290900,2
88,59.50985358558854,24.908556895123102,1542290901,3
19,59.3961589762987,24.30214629414359,1542290902,1
6,59.36103672239771,24.547438821938922,1542290903,1
67,59.54105866087435,24.90521422926851,1542290904,2
58,59.935274512376054,24.357320745823277,1542290905,1
28,59.55880614218615,24.216896079628583,1542290906,4
1,59.06668918955728,24.765892076144386,1542290907,3
33,59.05219198849444,24.772960362300005,1542290908,2
77,59.960704998297544,24.011485870358722,1542290909,4
57,59.58946005719148,24.923900636134693,1542290910,4
18,59.087805113789955,24.052223927227097,1542290911,1
24,59.80522653487583,24.243069533537525,1542290912,1
59,59.19079356976866,24.545460495511136,1542290913,2
81,59.520925060217046,24.653676794010494,1542290914,2
79,59.591608393176195,24.113754548998184,1542290915,4
85,59.30070319533679,24.74929589327386,1542290916,1
10,59.89458167113409,24.579068186749947,1542290917,2
19,59.9714812044836,24.26287604950589,1542290918,3
17,59.32613100559695,24.912464182261882,1542290919,4
36,59.406122899488146,24.13844316673414,1542290920,2
37,59.04630706574006,24.688903597730707,1542290921,4
94,59.87989079803305,24.703748098861002,1542290922,3
71,59.348569189447815,24.394198538360367,1542290923,2
22,59.919610518239516,24.836170071314733,1542290924,1
38,59.77683942110608,24.457035236211222,1542290925,3
46,59.82133095155649,24.075118318264174,1542290926,4
59,59.40640867961957,24.956962321625102,1542290927,1
58,59.67279340578824,24.942319811877283,1542290928,1
48,59.231560925032525,24.11222153719211,1542290929,4
16,59.90821953079908,24.5406000277849,1542290930,3
85,59.46227437524809,24.92077910457258,1542290931,2
50,59.704433883889116,24.69390502659812,1542290932,3
30,59.23905655869546,24.461769372685644,1542290933,4
7,59.745861861603316,24.251244490553777,1542290934,1
7,59.06141336572876,24.591617825653987,1542290935,1
93,59.247447801268365,24.9939033191321,1542290936,3
74,59.570018345041085,24.78252402467048,1542290937,4
100,59.02166528200097,24.79746496608864,1542290938,2
97,59.30291038334127,24.472482462913238,1542290939,1
42,59.73037712433952,24.009629759921175,1542290940,4
98,59.583788465449956,24.454009246035582,1542290941,3
58,59.52275518281865,24.964962734228134,1542290942,4
31,59.90611220797212,24.525865104712654,1542290943,1
43,59.90461043372397,24.471209934764733,1542290944,1
40,59.301051995002126,24.8640213610835,1542290945,4
86,59.72148615545258,24.44333004317769,1542290946,3
61,59.221814983017815,24.634019367843827,1542290947,3
1,59.024704965838005,24.449047910865122,1542290948,1
80,59.2049123035169,24.849262433402014,1542290949,1
51,59.34257430558505,24.506740518965618,1542290950,2
28,59.945301964273824,24.552942745280212,1542290951,2
54,59.18894912810039,24.693870925177222,1542290952,4
30,59.3589221088189,24.914858411780543,1542290953,2
7,59.25280015333001,24.469126327847217,1542290954,3
30,59.8520726183924,24.195319921450068,1542290955,4
75,59.904262306961975,24.079717295154826,1542290956,3
7,59.139671115053524,24.301063152200015,1542290957,4
49,59.79180422979081,24.483655462429414,1542290958,4
46,59.38796481542769,24.433492138252646,1542290959,3
44,59.20866169851291,24.968798950983075,1542290960,2
30,59.22576550591308,24.00662407545773,1542290961,3
94,59.66304961163049,24.45124289166647,1542290962,3
37,59.51795761862016,24.544914899542203,1542290963,2
96,59.6232549728269,24.737862396545655,1542290964,2
65,59.50080196869632,24.678365178566303,1542290965,2
60,59.332465169031934,24.67294709927378,1542290966,2
14,59.41750891588762,24.89851527166316,1542290967,1
73,59.45331547000276,24.760079600957617,1542290968,3
91,59.62224509759709,24.940623245634157,1542290969,2
82,59.99693131838143,24.575953410663626,1542290970,3
16,59.002815128686294,24.686800260897588,1542290971,1
38,59.481240765065365,24.571007620385295,1542290972,2
76,59.45390889334554,24.28628841634124,1542290973,1
97,59.149599761077084,24.77464033021244,1542290974,4
50,59.060614091106096,24.00869365636735,1542290975,3
38,59.188377657153524,24.26697785042365,1542290976,4
19,59.389560464857844,24.01807142886756,1542290977,1
73,59.50208783875091,24.385457564610146,1542290978,4
52,59.474290917593535,24.192389114971228,1542290979,4
47,59.7848935744592,24.910699710004724,1542290980,4
65,59.37173049595049,24.861926318808386,1542290981,1
73,59.220714075176026,24.501976513535983,1542290982,3
73,59.5683702323394,24.53455367548887,1542290983,3
85,59.232474736935686,24.034686598754647,1542290984,4
44,59.112217241068706,24.255279443051098,1542290985,4
27,59.544878762684796,24.82442688364631,1542290986,3
15,59.4221678289255,24.08945397084034,1542290987,1
51,59.7521641382879,24.070646522755926,1542290988,4
78,59.71162130398373,24.05403434220682,1542290989,3
32,59.515904038676325,24.855438564087095,1542290990,3
73,59.557213781104075,24.876206327342462,1542290991,4
77,59.043545325168004,24.390768248685387,1542290992,2
6,59.81015813448989,24.54887472262876,1542290993,1
59,59.7820271636481,24.93660174278917,1542290994,1
23,59.53627042188179,24.051428213164225,1542290995,4
18,59.84000474562344,24.546399796980904,1542290996,4
27,59.32912568214468,24.069943464031056,1542290997,4
69,59.038685418476554,24.31789083528309,1542290998,3
27,59.88548784727015,24.89205800254372,1542290999,3
99,59.362099173342195,24.832764326558895,1542291000,1
92,59.184690872750984,24.90701060837767,1542291001,4
38,59.11719938256945,24.547360047749816,1542291002,1
66,59.66145165279781,24.797532247555587,1542291003,4
99,59.38812226646549,24.599765539401893,1542291004,1
16,59.10183165591327,24.01190659654688,1542291005,2
26,59.24332896586944,24.43943009217888,1542291006,4
15,59.29150653969107,24.608491002914654,1542291007,3
7,59.967157710193,24.215324699587477,1542291008,1
91,59.613296426872914,24.59330401813149,1542291009,2
17,59.28506148499412,24.43719999750726,1542291010,1
40,59.370326446293475,24.875206330670743,1542291011,2
64,59.47552753712491,24.632406397448744,1542291012,1
69,59.184646596125056,24.24665336445127,1542291013,2
14,59.62854837966354,24.16446480391378,1542291014,1
23,59.208427244648796,24.578968545506687,1542291015,1
27,59.02514659051411,24.230393862025263,1542291016,1
6,59.07280162725493,24.153644314114356,1542291017,1
5,59.14792366362934,24.659234717817174,1542291018,1
20,59.80123198570913,24.740732438264924,1542291019,4
6,59.53439799898621,24.709177264325827,1542291020,2
57,59.516677529978494,24.602453248074603,1542291021,3
30,59.72713343001003,24.921565791035224,1542291022,3
28,59.42427715447455,24.921116530176768,1542291023,3
44,59.46119491000338,24.621633995802203,1542291024,3
70,59.42395304006371,24.176964718633506,1542291025,1
44,59.39944316112706,24.892083399491383,1542291026,4
75,59.06279821050242,24.087632708261783,1542291027,2
35,59.3296734255289,24.11129192362024,1542291028,4
71,59.27135086578495,24.974568057495944,1542291029,4
23,59.77303974917187,24.991848431950828,1542291030,3
8,59.586121783255415,24.579645549809417,1542291031,1
85,59.06215149836099,24.884548220342637,1542291032,1
47,59.23381102487703,24.446323658213377,1542291033,1
60,59.1204276279371,24.559231407652202,1542291034,4
63,59.822010018909594,24.649241197504637,1542291035,1
67,59.85405281416661,24.692288047798822,1542291036,3
89,59.71293585836113,24.58390783774043,1542291037,1
88,59.45653786168368,24.915193342446987,1542291038,4
69,59.38838622847978,24.633126522734262,1542291039,4
70,59.4191762153335,24.23858519412804,1542291040,1
8,59.74646487568576,24.240882327325057,1542291041,2
68,59.41370250912331,24.735028724417703,1542291042,3
71,59.239003686226226,24.069179643069614,1542291043,1
14,59.8365290767894,24.7702068784052,1542291044,2
87,59.14573076676171,24.89039167069986,1542291045,1
83,59.930003614159354,24.072408580678307,1542291046,4
33,59.410462410537534,24.56156404632116,1542291047,2
43,59.310053967117476,24.17490599558821,1542291048,4
42,59.364987388069345,24.177862174179086,1542291049,3
7,59.5640193151878,24.55572235476489,1542291050,4
3,59.42206115949938,24.555168404689777,1542291051,4
6,59.977015943035866,24.324344975063575,1542291052,1
22,59.26381007824759,24.399888974836554,1542291053,4
96,59.556335027633416,24.45487371093277,1542291054,1
22,59.99052539840486,24.58617764600949,1542291055,3
83,59.36660833690007,24.40037919045824,1542291056,3
49,59.875616962656345,24.334627744713803,1542291057,2
61,59.73930216838843,24.534056694832085,1542291058,2
71,59.73791530489277,24.515608366925704,1542291059,2
80,59.113384648742695,24.11789023008284,1542291060,2
24,59.50918920711036,24.22367260665819,1542291061,1
13,59.01982729074656,24.422434074196694,1542291062,1
39,59.77597591337599,24.40329938265415,1542291063,1
7,59.03674801694021,24.72891438846218,1542291064,3
23,59.777620056783704,24.558480257086565,1542291065,2
50,59.22345186096598,24.155413380886014,1542291066,3
1,59.38966785839278,24.982476875277467,1542291067,3
76,59.7766475146445,24.04167281748506,1542291068,3
64,59.195250153262336,24.58759586900192,1542291069,3
80,59.32942606794279,24.885370376954853,1542291070,4
65,59.95551841927409,24.6050306679455,1542291071,2
54,59.19729792359826,24.659894926383235,1542291072,4
75,59.425942692074194,24.990581426975314,1542291073,1
29,59.65964631940535,24.145579619104947,1542291074,4
28,59.03692484081643,24.05325215986598,1542291075,4
5,59.19990418546289,24.234340194716307,1542291076,4
21,59.69911353551848,24.35204365809551,1542291077,2
73,59.51644709684457,24.113165868851322,1542291078,4
75,59.76389420787319,24.752294785848555,1542291079,3
72,59.91077749764459,24.715926994781334,1542291080,3
9,59.44117586026214,24.279656291086745,1542291081,1
53,59.80770973925922,24.9754981773263,1542291082,1
25,59.49729212359645,24.477295519992463,1542291083,3
4,59.08636740750849,24.79427480073296,1542291084,3
19,59.99709209543084,24.591472171064733,1542291085,1
21,59.51144259784419,24.453583614808668,1542291086,3
25,59.19064545532175,24.62441408114487,1542291087,1
40,59.826088463751866,24.813083898434407,1542291088,3
16,59.982036635180314,24.027131893800586,1542291089,3
33,59.41304084786049,24.78723981676008,1542291090,4
75,59.94908464465881,24.072847451365398,1542291091,1
46,59.74271704346736,24.6955501391692,1542291092,1
59,59.510710249235686,24.534666415379288,1542291093,3
57,59.20198255420279,24.77814988683085,1542291094,1
58,59.81869095842336,24.456152764690774,1542291095,2
1,59.253600192117304,24.77291949956916,1542291096,3
44,59.44264794823206,24.692054255634957,1542291097,1
45,59.98788220992568,24.75617614304213,1542291098,4
28,59.61198422775687,24.34680012097706,1542291099,2
7,59.12423382841594,24.137799258797646,1542291100,3
22,59.57954345914139,24.643812591225778,1542291101,3
93,59.428167303153316,24.981023079231186,1542291102,3
14,59.322836657352774,24.955141676017394,1542291103,3
83,59.404920469769365,24.127628842974175,1542291104,4
92,59.85987751221338,24.296261466643756,1542291105,4
3,59.723469290444726,24.137941748809524,1542291106,4
33,59.51891805726794,24.592190516086625,1542291107,4
31,59.10576185746403,24.91217268638786,1542291108,4
99,59.63363320378904,24.49536105112055,1542291109,3
27,59.79412102246912,24.809935687126153,1542291110,4
1,59.512595070005084,24.53884969258566,1542291111,1
8,59.783319663485294,24.683105124281823,1542291112,2
37,59.31098387769131,24.443473195991032,1542291113,3
60,59.82251961393419,24.5330565944099,1542291114,2
56,59.17936428859081,24.77029668459895,1542291115,1
53,59.96168170190411,24.35147422298709,1542291116,1
98,59.552284902658485,24.878840305582486,1542291117,2
65,59.31608265690682,24.96890909802037,1542291118,1
37,59.044504050844836,24.19288291243042,1542291119,1
24,59.720091209924036,24.111526155661803,1542291120,4
33,59.17682719222521,24.610420671461625,1542291121,3
76,59.83571417603382,24.530723772751752,1542291122,2
26,59.04032499447761,24.401514898900757,1542291123,4
37,59.54422711136106,24.937707782530453,1542291124,4
18,59.61520620265251,24.891299374630563,1542291125,4
85,59.777205171118446,24.3367823224752,1542291126,2
97,59.29344324186657,24.42757729717889,1542291127,3
76,59.201100815291404,24.781079358800504,1542291128,1
75,59.4733975982672,24.263544583622636,1542291129,1
52,59.65566233944304,24.2946476312533,1542291130,3
21,59.449981853469104,24.313821584606394,1542291131,3
25,59.72672165815455,24.518510852358904,1542291132,3
18,59.03484065598794,24.81725434711369,1542291133,3
70,59.46182601653757,24.66462181392314,1542291134,3
62,59.71356572484857,24.157343175507634,1542291135,4
64,59.63458509320502,24.075912956775685,1542291136,3
25,59.905565153776045,24.28289359126277,1542291137,4
77,59.76296828747706,24.541875797411866,1542291138,1
48,59.627213802318906,24.24201834298011,1542291139,4
67,59.55827667282866,24.90897962543393,1542291140,4
26,59.511445319627725,24.705976407251324,1542291141,4
41,59.532302171121295,24.578993540217432,1542291142,2
4,59.408083653749486,24.856523214527854,1542291143,1
96,59.70566618896494,24.366973470021907,1542291144,1
37,59.98371248126277,24.55002378350326,1542291145,1
32,59.74636780350758,24.560728798877893,1542291146,4
92,59.136088296583765,24.79360503325371,1542291147,2
70,59.86947615790204,24.96537458302239,1542291148,4
1,59.50814116592707,24.42727780613631,1542291149,3
72,59.70497079117385,24.414526090265472,1542291150,3
34,59.501568263217834,24.052544552087127,1542291151,1
86,59.11826795807299,24.281853906366308,1542291152,3
30,59.902862829515016,24.45707074400884,1542291153,4
71,59.33962541640613,24.71873502831577,1542291154,4
3,59.0881621901231,24.952825669684838,1542291155,2
74,59.81500676517288,24.52940168096636,1542291156,2
13,59.620324905862425,24.686180105346626,1542291157,1
86,59.333233650316956,24.593355850493325,1542291158,1
73,59.95309742964877,24.575547428502098,1542291159,4
55,59.98986381797125,24.64823828977392,1542291160,4
13,59.257154052704735,24.245620538666053,1542291161,4
68,59.92697942666607,24.179128832709857,1542291162,3
32,59.44428800219514,24.71125366811219,1542291163,4
68,59.860953055420005,24.27419205850745,1542291164,3
99,59.36585147833392,24.76750515496124,1542291165,3
77,59.174532774897166,24.427593995604163,1542291166,4
98,59.9402536793523,24.572703818258834,1542291167,3
59,59.13254544691999,24.78482343986321,1542291168,2
57,59.02853586485695,24.018781435593677,1542291169,1
86,59.514189024035325,24.011547621242855,1542291170,4
64,59.50107346303992,24.69250554838212,1542291171,4
61,59.29527214564321,24.545476516269186,1542291172,1
3,59.53961502628387,24.641947217625898,1542291173,3
41,59.653736761930745,24.334705166913523,1542291174,2
29,59.72065837959863,24.79045022762668,1542291175,2
40,59.47041307215537,24.42541537787769,1542291176,1
48,59.90139237645881,24.669275734998543,1542291177,2
48,59.193240344001104,24.060184793518694,1542291178,4
71,59.555188275704566,24.61841726665574,1542291179,4
25,59.40181733804744,24.23744529767117,1542291180,1
88,59.996209792341745,24.724305546325873,1542291181,1
95,59.550040530356625,24.68152118257692,1542291182,4
36,59.86542956887853,24.03869076337165,1542291183,2
47,59.19162286088593,24.65512162694792,1542291184,2
12,59.840859594861186,24.37044759656247,1542291185,4
58,59.38993627622723,24.86041359397858,1542291186,1
39,59.948416973383836,24.803426705266816,1542291187,4
2,59.03219804237659,24.58053622558461,1542291188,2
1,59.81598932321972,24.361163697926134,1542291189,1
88,59.19725827771276,24.29773350361087,1542291190,4
56,59.84919356604596,24.97470610620672,1542291191,1
51,59.672331024519245,24.92051777288201,1542291192,4
8,59.95227174308233,24.453525227606804,1542291193,1
34,59.20253543236294,24.02095325999489,1542291194,2
75,59.96951472367281,24.36613711107619,1542291195,4
81,59.83184646029058,24.281622363534705,1542291196,1
53,59.289537330392804,24.91116921711354,1542291197,4
60,59.86767776876178,24.356348218266483,1542291198,3
49,59.0863060051204,24.433516442910076,1542291199,3
64,59.94555263298127,24.212731250033162,1542291200,3
33,59.67454013316014,24.514603269954037,1542291201,4
70,59.66776217033887,24.66729598320196,1542291202,1
48,59.498142803474764,24.573764769551474,1542291203,1
96,59.15058554340644,24.815681555841742,1542291204,1
74,59.242629313252586,24.699490805771237,1542291205,1
53,59.915181006998615,24.236058780259555,1542291206,2
22,59.74388621175502,24.10156435623848,1542291207,4
15,59.21896718593017,24.92320477810381,1542291208,4
31,59.030798939598206,24.041336033789385,1542291209,4
71,59.83529039009295,24.292117487516013,1542291210,3
5,59.692105046665276,24.96032196085191,1542291211,2
60,59.325760720563494,24.868421570432677,1542291212,4
35,59.57353324436753,24.89539082727515,1542291213,1
32,59.82909897456275,24.855197042756227,1542291214,1
2,59.29081982607011,24.789240523749104,1542291215,3
55,59.89913340450061,24.12027099514651,1542291216,4
43,59.23818789453859,24.76651528985498,1542291217,1
44,59.06811781946519,24.99797656262565,1542291218,1
50,59.23319152209336,24.51728289917827,1542291219,3
56,59.432113334698,24.815113157594208,1542291220,3
13,59.17305668108354,24.790543641274247,1542291221,1
64,59.70784211026468,24.204758092165605,1542291222,4
34,59.183612613618074,24.042878812042616,1542291223,1
27,59.14746350467624,24.05579690974937,1542291224,1
24,59.16747141111235,24.245537990521754,1542291225,4
84,59.0570759532809,24.33400334247915,1542291226,1
76,59.09336341783783,24.430494227542635,1542291227,4
71,59.84877217802769,24.281001795316666,1542291228,1
100,59.52930649408428,24.58707508118376,1542291229,1
43,59.447739848172,24.76903083017555,1542291230,2
33,59.37999162237799,24.09636011439623,1542291231,3
42,59.857306360313494,24.882351910186447,1542291232,1
97,59.40057167691307,24.29569973140601,1542291233,1
9,59.3587702456507,24.904131765341038,1542291234,2
23,59.94286688825564,24.639354441630093,1542291235,3
57,59.38244043762429,24.32668740656088,1542291236,1
72,59.534537746467365,24.1062611949406,1542291237,3
38,59.968877407088215,24.658795636557524,1542291238,2
82,59.55335732650884,24.93190172957641,1542291239,4
11,59.11058292223379,24.994546805579652,1542291240,1
50,59.6176009754394,24.309539553486303,1542291241,2
16,59.6188549106779,24.070899451569346,1542291242,4
41,59.98987028121959,24.45397499726827,1542291243,1
60,59.13607382649163,24.494260244582648,1542291244,2
43,59.50070405173447,24.586560859078514,1542291245,1
27,59.27956283152573,24.28016478542516,1542291246,4
53,59.461707449944036,24.02878446932424,1542291247,2
14,59.82254405148998,24.16179996507617,1542291248,3
9,59.329217543515476,24.826206094858996,1542291249,1
31,59.186238936205754,24.1299485432135,1542291250,2
98,59.431978253875066,24.041802123572907,1542291251,1
79,59.53445857199172,24.087951504827323,1542291252,3
18,59.888348057560606,24.934983431482102,1542291253,1
11,59.94772377689257,24.580300780692504,1542291254,3
3,59.52726552429675,24.219365287023376,1542291255,2
96,59.59039362009237,24.313228231364782,1542291256,3
24,59.46937378563594,24.47340212515943,1542291257,4
24,59.35135407384471,24.03611136594768,1542291258,3
13,59.95585212495658,24.88771253844686,1542291259,1
87,59.78213554736122,24.633868430360515,1542291260,3
20,59.69331684919026,24.943752023161352,1542291261,1
31,59.06640585447513,24.288245027474385,1542291262,2
39,59.88921463444359,24.13777821156828,1542291263,3
81,59.649220457070825,24.364677154578555,1542291264,2
98,59.84499786499692,24.674551555960207,1542291265,4
83,59.05856694628795,24.814401224836967,1542291266,4
73,59.28166228734567,24.035304952368673,1542291267,3
41,59.02615413766766,24.385483683675922,1542291268,2
70,59.52153704618724,24.720619074820167,1542291269,3
81,59.48817807314184,24.609691062587995,1542291270,3
29,59.534898000103205,24.578143132214656,1542291271,3
84,59.80083177290407,24.7396945390926,1542291272,2
48,59.09895483861249,24.7283120709422,1542291273,3
58,59.70170194280739,24.007829622299788,1542291274,1
23,59.377452050960244,24.532303642524468,1542291275,4
7,59.66888683052042,24.520336640921297,1542291276,4
68,59.48603045809015,24.21246697049998,1542291277,1
85,59.21435323200128,24.509804469465283,1542291278,4
83,59.9644602294663,24.23840629463134,1542291279,3
74,59.29345544566994,24.983551765898383,1542291280,4
90,59.25685068481909,24.398896760363204,1542291281,2
73,59.46329471971127,24.440172992316132,1542291282,1
69,59.708453182723076,24.410941620327964,1542291283,1
46,59.32922115535744,24.75171983553115,1542291284,1
95,59.74370125481151,24.92725144383449,1542291285,4
46,59.91232713852952,24.575351194265167,1542291286,3
21,59.51251674553452,24.511700883019042,1542291287,1
75,59.75218673733995,24.154773320121752,1542291288,2
31,59.387822918610986,24.16852695393973,1542291289,1
83,59.27744728965726,24.548708089341556,1542291290,2
92,59.95037890539873,24.850750545749648,1542291291,4
28,59.25724847219142,24.78842525309692,1542291292,4
33,59.236649123671874,24.97890109249587,1542291293,2
25,59.39685177300697,24.61240225640063,1542291294,4
46,59.229792310225946,24.479874969901743,1542291295,2
59,59.73421889571853,24.732353390009216,1542291296,2
76,59.315343665244455,24.513535699069113,1542291297,1
94,59.98846282553963,24.17585272460738,1542291298,2
21,59.035270756706744,24.678370134874136,1542291299,2
95,59.679198562977135,24.032539466717566,1542291300,3
1,59.68254141373479,24.14096730404219,1542291301,4
21,59.34453856891251,24.823956971584618,1542291302,4
60,59.981531595419796,24.013420787475322,1542291303,1
69,59.56675745212592,24.933807867273703,1542291304,4
89,59.277468796804634,24.367817489553094,1542291305,4
93,59.56043529567778,24.890300289302193,1542291306,3
22,59.49567758855499,24.06703712019158,1542291307,2
71,59.41227695214802,24.012487267246485,1542291308,4
53,59.72955952369005,24.541978569227915,1542291309,4
54,59.59595202677518,24.116706985723592,1542291310,2
4,59.38583949274635,24.40477821824859,1542291311,3
21,59.253965324279434,24.35173098490286,1542291312,3
99,59.433876325528026,24.935695117639547,1542291313,1
98,59.09344733825415,24.94250851592575,1542291314,3
97,59.467858191090706,24.481699097475413,1542291315,3
72,59.19226611570003,24.56429656716525,1542291316,4
55,59.151589631127415,24.68613351081808,1542291317,2
56,59.03918643431758,24.32489236309783,1542291318,4
69,59.80375968325468,24.076114660108985,1542291319,4
16,59.74989818955439,24.4517974000049,1542291320,4
15,59.172472072311294,24.3199420296295,1542291321,3
41,59.592212000086,24.311928188147633,1542291322,1
73,59.83522079398846,24.847238636551882,1542291323,1
16,59.11576184409143,24.90309770421397,1542291324,3
61,59.14707696273723,24.80100482398207,1542291325,4
55,59.41250698904877,24.480949039928745,1542291326,1
7,59.098605790495895,24.05472869395925,1542291327,3
35,59.7970105874425,24.705572375726124,1542291328,2
1,59.00042290591429,24.475668364869794,1542291329,3
55,59.46692707541926,24.607170129634806,1542291330,2
90,59.55832682001351,24.980244152163593,1542291331,4
99,59.40855458862056,24.53978326960469,1542291332,2
55,59.67305115533779,24.150227932994703,1542291333,4
86,59.39981397216405,24.256893279563247,1542291334,2
70,59.55423858791779,24.708841426534992,1542291335,2
53,59.12632564898069,24.57149242382676,1542291336,4
25,59.444212666686475,24.040339644027306,1542291337,4
41,59.94666693219158,24.75036791755697,1542291338,1
82,59.41228587568546,24.394530564819117,1542291339,4
18,59.451674061839554,24.4140760174355,1542291340,2
6,59.48261289620854,24.383771022224035,1542291341,2
61,59.36733294024889,24.166422872318424,1542291342,2
85,59.822331742543355,24.350852993710827,1542291343,4
34,59.04363900988568,24.25212597249748,1542291344,1
35,59.65574532300937,24.885345354619943,1542291345,4
18,59.31322628195746,24.42274212056109,1542291346,3
6,59.026295773811924,24.750530627667693,1542291347,4
28,59.234963097185705,24.623877680511278,1542291348,2
38,59.73754589984262,24.467360671499634,1542291349,4
64,59.6492400021218,24.32899933770072,1542291350,2
48,59.832585654851435,24.816424215242105,1542291351,4
30,59.389612577137186,24.627346740884985,1542291352,1
25,59.52098183972526,24.54287639683949,1542291353,3
55,59.17399254198267,24.814179415664704,1542291354,1
31,59.97574680714596,24.89424845739206,1542291355,2
68,59.13864838877113,24.240177178716916,1542291356,2
36,59.102084559142895,24.59298390939413,1542291357,3
63,59.670511503946564,24.38575297879128,1542291358,2
85,59.068580959226296,24.874855229981574,1542291359,3
60,59.577431121386326,24.69321089813482,1542291360,4
71,59.9949884231533,24.79991497125514,1542291361,4
17,59.019632826033494,24.679517410165612,1542291362,1
15,59.17904372718397,24.71577465960028,1542291363,2
67,59.359351979580225,24.04666170562319,1542291364,4
77,59.10827291418062,24.50163657777217,1542291365,3
41,59.049274876963786,24.62798574992838,1542291366,1
1,59.187221167785644,24.78971397827923,1542291367,1
4,59.71223853239598,24.028893645961748,1542291368,3
52,59.870059794379856,24.01753318150722,1542291369,3
88,59.81277936060961,24.913653593390038,1542291370,1
14,59.013013199090025,24.484398149075634,1542291371,3
74,59.69253162514255,24.22544795994638,1542291372,1
19,59.05286769180771,24.751675226074056,1542291373,3
18,59.037141127806954,24.46788572479715,1542291374,4
66,59.96090939112956,24.425652222954,1542291375,4
18,59.18857970180726,24.799914423761734,1542291376,4
19,59.28480962080058,24.29384018893727,1542291377,3
32,59.62395311914908,24.220973988712405,1542291378,2
31,59.73123870120315,24.30944636252784,1542291379,2
47,59.54973090665399,24.797129692260267,1542291380,4
16,59.72867146003736,24.401322011172315,1542291381,4
24,59.53798020361894,24.063040313735847,1542291382,2
34,59.16950826156637,24.747001528105862,1542291383,1
35,59.31545129144142,24.829042855463662,1542291384,1
99,59.69100932007159,24.683846394542456,1542291385,3
57,59.45327686307961,24.537267798198027,1542291386,4
53,59.69901655537807,24.42039237603887,1542291387,1
19,59.969047087286384,24.091407126814506,1542291388,2
29,59.3818468255937,24.371629107030724,1542291389,3
26,59.905499518343554,24.861186419040827,1542291390,4
19,59.09879531857498,24.99751249239244,1542291391,2
63,59.921719719466275,24.648891840852112,1542291392,2
62,59.3777702119791,24.666709326335123,1542291393,4
16,59.53191389562919,24.443784910344164,1542291394,2
70,59.83647056011789,24.96549036971464,1542291395,3
4,59.81684131854771,24.21861310873334,1542291396,2
76,59.624972796342405,24.61317794583356,1542291397,2
94,59.270764197341656,24.28642859058009,1542291398,4
19,59.648199633402804,24.46144155058041,1542291399,2
50,59.29607973445327,24.351187838647366,1542291400,3
54,59.35398153098551,24.877621440260466,1542291401,3
49,59.73852108427892,24.64868124611083,1542291402,3
10,59.30623899009189,24.673320469011113,1542291403,4
97,59.35553505434532,24.67395606464747,1542291404,1
71,59.880185691099754,24.47393108137388,1542291405,1
71,59.67494050241702,24.70054700004165,1542291406,3
64,59.16857947872236,24.085152170891902,1542291407,2
76,59.2830753354346,24.628927564849636,1542291408,1
52,59.43262168872865,24.320306128776288,1542291409,1
31,59.38613891487943,24.521753697589794,1542291410,3
100,59.452176674933135,24.176302185966385,1542291411,1
47,59.73875287502659,24.563691373364207,1542291412,3
5,59.46552913141103,24.558431464885153,1542291413,3
23,59.47992920145291,24.68855675968906,1542291414,2
81,59.161408693646294,24.837261288833833,1542291415,1
100,59.098274462166046,24.608417785568278,1542291416,2
66,59.04154363752364,24.24838494339531,1542291417,4
21,59.01779706928068,24.98271098931173,1542291418,2
26,59.25300997207502,24.554646584341214,1542291419,3
45,59.6291697633028,24.180095778021727,1542291420,1
25,59.52310551454234,24.761630741302632,1542291421,1
84,59.88475188776383,24.26378382540975,1542291422,4
60,59.323379142011206,24.11356792406535,1542291423,2
9,59.76908114176628,24.60757948198561,1542291424,1
27,59.921395451081246,24.500866013658186,1542291425,3
88,59.57954465862545,24.581338576526466,1542291426,4
31,59.21193628537896,24.005749248607902,1542291427,2
20,59.364681826254944,24.145258010567833,1542291428,4
70,59.2941774680651,24.52070615301417,1542291429,2
66,59.7508748186371,24.174342993850523,1542291430,1
70,59.829510100559986,24.046247901320132,1542291431,4
61,59.558722637499244,24.543281202621888,1542291432,2
93,59.63376771040896,24.92713177254482,1542291433,2
37,59.012668067516785,24.3320075754505,1542291434,4
30,59.51684903485356,24.91832489588269,1542291435,2
30,59.09072019233431,24.07311267526222,1542291436,2
40,59.372901512574096,24.62604347158835,1542291437,3
75,59.481975073487696,24.00230554993609,1542291438,3
23,59.72054525765605,24.727882150955516,1542291439,1
8,59.198184396442315,24.101993461089148,1542291440,2
25,59.05292762179903,24.71354800317681,1542291441,2
45,59.024380711493876,24.06924001484216,1542291442,4
29,59.31743025435081,24.688305860281055,1542291443,1
4,59.463066956122304,24.584700134122333,1542291444,3
7,59.58734596736849,24.386097462735634,1542291445,4
89,59.369071908754705,24.799638961390393,1542291446,4
34,59.27168085732382,24.283549474356658,1542291447,1
46,59.32982001416079,24.183498675137617,1542291448,4
30,59.91993772524349,24.929113854659796,1542291449,4
54,59.67431044104722,24.495282373716478,1542291450,3
48,59.9160516327109,24.90907130489647,1542291451,3
4,59.83184632003014,24.940047795783265,1542291452,1
84,59.85208851976763,24.17213784945703,1542291453,2
21,59.46043275726152,24.75512948969528,1542291454,3
63,59.71783560307314,24.343322228512086,1542291455,2
85,59.43776786803245,24.028420857953527,1542291456,3
27,59.219125099147405,24.299488376432677,1542291457,1
32,59.823367440183894,24.256392364491887,1542291458,1
51,59.82053614921362,24.031230910862654,1542291459,3
91,59.83386232179842,24.604729621555045,1542291460,2
21,59.065178646964384,24.23061457707061,1542291461,4
48,59.27960271560094,24.56598698088392,1542291462,3
2,59.89836621981206,24.64094904294758,1542291463,2
55,59.22613919482508,24.583943322525627,1542291464,2
5,59.69357747843921,24.11618030423276,1542291465,4
62,59.13785295227345,24.243532341324617,1542291466,1
47,59.829073588117566,24.58606043870163,1542291467,3
37,59.83360950317228,24.84237408783919,1542291468,2
57,59.863995887331875,24.53313605743761,1542291469,1
69,59.697587214303766,24.01434021097007,1542291470,1
45,59.46556879547788,24.07942290903598,1542291471,1
43,59.66954109300352,24.728440105641212,1542291472,4
27,59.85990977422147,24.425611676068264,1542291473,1
92,59.44380983250533,24.591476496827443,1542291474,3
76,59.23216905955716,24.16010133799389,1542291475,1
57,59.2078864379575,24.77437413271555,1542291476,1
94,59.27335939344523,24.06152543121897,1542291477,4
8,59.236704687785334,24.85885785810387,1542291478,2
54,59.1556765566092,24.74131475322893,1542291479,1
66,59.57116657900661,24.752409797682645,1542291480,4
62,59.83387108914513,24.122068306244195,1542291481,3
47,59.636196012354894,24.61327001838328,1542291482,2
85,59.10368542178901,24.248964448147078,1542291483,1
22,59.390726728264596,24.694789883030094,1542291484,3
21,59.23562940352977,24.063270893702114,1542291485,3
25,59.47633845359977,24.51557856284333,1542291486,3
82,59.230893764417644,24.894998185511895,1542291487,3
54,59.04579469306546,24.375872451130114,1542291488,4
40,59.56029008193958,24.59462318032762,1542291489,2
73,59.890389762226285,24.289851723288287,1542291490,4
91,59.94328487047708,24.34301060184472,1542291491,1
81,59.40070574104889,24.435069907188655,1542291492,3
4,59.606810822135415,24.16504707445709,1542291493,3
1,59.83030066961002,24.057820206418782,1542291494,1
17,59.99212000541251,24.120124374394877,1542291495,3
74,59.61772915045644,24.27523291769405,1542291496,4
86,59.32276325573603,24.058862797661885,1542291497,4
82,59.11347083724268,24.70709664916104,1542291498,4
46,59.37488363238939,24.618871961632138,1542291499,1
39,59.18115984523302,24.948147034127654,1542291500,4
99,59.404770787272206,24.51270394438403,1542291501,1
49,59.197640358148746,24.51428896216859,1542291502,3
41,59.02414503262836,24.774619353609857,1542291503,2
35,59.538707489831985,24.5830188236019,1542291504,1
69,59.48070519829315,24.60276877787413,1542291505,1
41,59.619580739938,24.87791650531254,1542291506,1
62,59.0039059250119,24.383876827331907,1542291507,2
26,59.818880068600535,24.175283854064812,1542291508,2
20,59.2410583715581,24.740498807243643,1542291509,1
36,59.27165084921876,24.543237209067406,1542291510,3
51,59.91394847676989,24.188938362504636,1542291511,3
90,59.385104523940115,24.378819417774057,1542291512,2
13,59.9548648321694,24.80694486922688,1542291513,3
18,59.12288376418557,24.277446378655917,1542291514,2
1,59.4443425976804,24.604200203537694,1542291515,3
78,59.0343911600432,24.721415914223474,1542291516,2
5,59.16185911367061,24.912634186320304,1542291517,4
46,59.2674523325452,24.17541965752047,1542291518,3
60,59.59583087193613,24.886286078680467,1542291519,1
60,59.587961054084374,24.279964406439984,1542291520,4
4,59.50504561986044,24.86535245666746,1542291521,3
97,59.42040801992846,24.374509202858135,1542291522,2
27,59.98692119334428,24.51787411669761,1542291523,2
61,59.48676505203178,24.095390158091945,1542291524,2
78,59.23985938795893,24.514688349806598,1542291525,2
37,59.67258241943925,24.471960560344577,1542291526,2
18,59.86199541891959,24.080877387929092,1542291527,3
73,59.858106558799605,24.01532258912033,1542291528,3
26,59.750888761219095,24.787004743029744,1542291529,3
63,59.087773019205706,24.389554444366265,1542291530,3
44,59.4939262457394,24.46130790131793,1542291531,4
33,59.37522624238907,24.607586976585747,1542291532,3
28,59.252351760487294,24.448094576563552,1542291533,3
73,59.997183239999394,24.400987236863564,1542291534,4
5,59.784678955689934,24.608851866803334,1542291535,2
50,59.63348510924295,24.5800612799766,1542291536,2
48,59.91585454962939,24.400389821552288,1542291537,2
34,59.70270571785914,24.03089581595466,1542291538,3
45,59.2925312049624,24.470512571141604,1542291539,3
33,59.87097921312691,24.7564017999451,1542291540,3
21,59.96570201874583,24.30964350476072,1542291541,1
24,59.88326992806068,24.65931671185175,1542291542,3
19,59.67422864471103,24.3835248563458,1542291543,4
45,59.67463534181318,24.046994910978526,1542291544,1
11,59.10856265737073,24.04262492346583,1542291545,4
70,59.49407882131669,24.428065292821973,1542291546,1
26,59.03137989309859,24.573803774653143,1542291547,2
56,59.43472789552126,24.54885080850672,1542291548,2
94,59.28041688788346,24.187490420185,1542291549,3
100,59.17340373257129,24.776665822849992,1542291550,3
99,59.17776728171128,24.825585478800082,1542291551,4
73,59.823485273889766,24.030370929017774,1542291552,3
89,59.82801864105725,24.16152221588224,1542291553,3
81,59.7461962522194,24.276437667293937,1542291554,2
1,59.09525540545754,24.847345388190867,1542291555,2
74,59.51515830960419,24.41762047436368,1542291556,3
18,59.31727917139351,24.35442555503939,1542291557,4
82,59.75602144155884,24.13971514112095,1542291558,2
31,59.647563798381775,24.148095711066787,1542291559,4
96,59.555493519146076,24.424032042506976,1542291560,3
9,59.69073652005795,24.86138539939507,1542291561,2
14,59.3178926323416,24.566929527594148,1542291562,3
73,59.85712195161762,24.596474690579267,1542291563,2
67,59.48715152948295,24.70192991175247,1542291564,1
37,59.283577482777105,24.530870890828105,1542291565,3
26,59.67493800480039,24.466196756551923,1542291566,3
87,59.41747236739078,24.67504177398737,1542291567,3
1,59.201253133902824,24.40412633595972,1542291568,3
12,59.40987572424426,24.169745618720533,1542291569,2
98,59.61716664523228,24.71571362105235,1542291570,3
26,59.459381359645285,24.911223950689422,1542291571,4
22,59.79221498612583,24.437146935795585,1542291572,3
99,59.523091411475384,24.95526068378708,1542291573,1
5,59.806478767506775,24.305049672458328,1542291574,4
35,59.205008260279016,24.47324574794518,1542291575,4
90,59.72754768732096,24.925198426536078,1542291576,2
88,59.60643474835041,24.158197638019455,1542291577,4
71,59.04212878510322,24.13872726304691,1542291578,4
84,59.9508120853779,24.757888963791345,1542291579,2
24,59.90847581902786,24.758599254095536,1542291580,3
88,59.986891649659526,24.834871872489188,1542291581,3
36,59.361703167039956,24.435294706303804,1542291582,4
46,59.689677821289685,24.328939084413577,1542291583,1
88,59.62421717349013,24.167287303469706,1542291584,4
23,59.28487312516916,24.01398687373878,1542291585,3
62,59.250226309301816,24.717724443087008,1542291586,4
99,59.58806940838796,24.541067136000322,1542291587,4
33,59.194493677055554,24.878569666717624,1542291588,1
94,59.135754987324546,24.12434422316097,1542291589,4
89,59.59570118892158,24.4312609058034,1542291590,1
38,59.008700854587644,24.475090727531025,1542291591,4
4,59.792477198352096,24.59829723587804,1542291592,2
55,59.09829428264182,24.231188479434568,1542291593,1
61,59.720389192062534,24.62759337729266,1542291594,3
93,59.104850530258034,24.296152292213808,1542291595,3
72,59.33160993375852,24.771239271130042,1542291596,2
44,59.08839269026513,24.22984384378895,1542291597,1
19,59.392486334390995,24.894560678333452,1542291598,2
67,59.103859787638456,24.155936735035777,1542291599,4
99,59.83756366885024,24.1059163106692,1542291600,1
91,59.84288385303954,24.116563503991856,1542291601,3
12,59.79730702818361,24.22088721802942,1542291602,4
13,59.00127437945235,24.107190615756654,1542291603,3
5,59.9470863019303,24.175967834096298,1542291604,1
74,59.64295301305067,24.01107077300562,1542291605,3
54,59.03128737402617,24.965284505697877,1542291606,1
29,59.554702939043,24.396120241365505,1542291607,2
71,59.94179983191304,24.709004978936633,1542291608,3
85,59.63133811834318,24.48030934995163,1542291609,1
76,59.616685518110394,24.746648304156203,1542291610,2
63,59.912382379880896,24.405576752542242,1542291611,1
68,59.8461478189324,24.282751662806177,1542291612,4
89,59.685218955347,24.200415210431576,1542291613,3
36,59.01537411144341,24.252598866047435,1542291614,2
50,59.65620263458594,24.311539604458904,1542291615,1
63,59.190915441349,24.489617648510716,1542291616,4
66,59.4948721057589,24.78726226793293,1542291617,3
41,59.00672996016021,24.773919267941906,1542291618,1
84,59.58624982588414,24.453016503900795,1542291619,1
54,59.68209167636913,24.03523269955664,1542291620,4
13,59.74402269425328,24.128636753922436,1542291621,3
93,59.893224141041166,24.606959636315327,1542291622,1
78,59.19650819645235,24.945317664949567,1542291623,4
6,59.17428116341442,24.35917288888489,1542291624,1
72,59.31940738184962,24.62470562487303,1542291625,4
59,59.24199993249125,24.20448346313375,1542291626,2
8,59.26555322523979,24.881927302857047,1542291627,1
48,59.85589693357921,24.645170841995863,1542291628,1
10,59.87109143506115,24.760133853777564,1542291629,1
95,59.68416768719219,24.22025826959809,1542291630,4
1,59.60378466266348,24.496277763990328,1542291631,3
49,59.043085671730715,24.943335739358876,1542291632,2
6,59.64378966743224,24.723337370528185,1542291633,1
69,59.084002667248186,24.4057922281151,1542291634,1
90,59.344325813353954,24.707067565375436,1542291635,2
90,59.04624374606853,24.699859301169035,1542291636,3
34,59.50434970670894,24.573203611192294,1542291637,1
14,59.0874073254441,24.650066792428397,1542291638,2
65,59.55515141515367,24.10455377565551,1542291639,3
69,59.61550995759664,24.19194168917495,1542291640,3
49,59.996599239643274,24.197645686123703,1542291641,1
70,59.13558292325001,24.81197979667876,1542291642,4
74,59.22963847537153,24.83149958595044,1542291643,4
53,59.54572948047206,24.9842193097046,1542291644,3
79,59.45827818468929,24.15407603380119,1542291645,3
65,59.81612452578924,24.073757244231352,1542291646,3
37,59.957390227303165,24.75417821661842,1542291647,4
3,59.28020737689241,24.694973960219986,1542291648,2
74,59.606722105582776,24.22195456548736,1542291649,2
33,59.507758876802185,24.026218977672308,1542291650,1
55,59.35967141231066,24.931446593189676,1542291651,4
11,59.87164320030608,24.423332280210797,1542291652,4
54,59.41350459166884,24.52021988450216,1542291653,3
21,59.3974414094832,24.517999028121313,1542291654,2
53,59.98815880440706,24.457971638319055,1542291655,4
44,59.85240977282436,24.26082656786261,1542291656,3
21,59.4534237456967,24.69832635491363,1542291657,3
34,59.41165300072732,24.30578797887681,1542291658,3
50,59.86226637892344,24.118287616329074,1542291659,4
6,59.37964800413752,24.45633603518792,1542291660,3
28,59.213387630750674,24.162558940959187,1542291661,2
55,59.735085648131374,24.311522779218325,1542291662,3
57,59.02731165447172,24.162292189800432,1542291663,2
73,59.19615781339606,24.515667343279606,1542291664,2
10,59.726341477156154,24.384674877736167,1542291665,4
68,59.849288029688594,24.24029742138447,1542291666,3
4,59.33795936530729,24.700429371598304,1542291667,3
66,59.68809922434215,24.686686373108856,1542291668,2
3,59.87524296492402,24.985235639155256,1542291669,1
76,59.91514330868001,24.734388303115377,1542291670,1
61,59.03324768053024,24.37602513542862,1542291671,4
14,59.488607208036115,24.46848373412183,1542291672,2
96,59.64289966049219,24.630671302856705,1542291673,4
55,59.53840443871557,24.528882886661258,1542291674,2
23,59.018398425975924,24.015301965025962,1542291675,4
64,59.448288390874154,24.157637275714116,1542291676,1
28,59.51867634362501,24.081425423965204,1542291677,1
8,59.420114155741516,24.745728470780712,1542291678,3
2,59.37599595005418,24.297691994437745,1542291679,2
61,59.8937041688952,24.0306646307188,1542291680,2
27,59.41984436715876,24.8475368444349,1542291681,2
29,59.8302759172778,24.626242388646173,1542291682,3
82,59.48980196311027,24.040045618373714,1542291683,3
82,59.635594404346804,24.115260369577992,1542291684,3
10,59.61490109109703,24.152917202318747,1542291685,2
42,59.412326057394544,24.930307726496153,1542291686,1
56,59.51969684689792,24.591044433289337,1542291687,2
3,59.21389435743048,24.228028250935928,1542291688,1
69,59.261290036825365,24.670193082078924,1542291689,4
16,59.599354621926075,24.075754587035657,1542291690,4
57,59.61871143969328,24.74235116869524,1542291691,1
53,59.03908172576088,24.09435655346218,1542291692,4
1,59.475528174427254,24.51280493500108,1542291693,3
28,59.51867409831929,24.712555272126217,1542291694,1
29,59.43859103180575,24.736976224734903,1542291695,2
36,59.713627836185914,24.705748170896356,1542291696,1
32,59.931154414079714,24.012477574483114,1542291697,4
53,59.93761963517708,24.19565947045658,1542291698,2
82,59.223471031231576,24.068382663132084,1542291699,3
78,59.81192151288661,24.31067988279767,1542291700,4
23,59.19285574253834,24.38195575987928,1542291701,1
